{"cameraMode":{"drawMode":0,"name":"Shaded","section":"Shading Mode"},"sceneLighting":true,"audioPlay":false,"sceneViewState":{"showFog":true,"showMaterialUpdate":false,"showSkybox":true,"showFlares":true,"showImageEffects":true,"showParticleSystems":true},"in2DMode":false,"pivot":{"x":2.1600208282470705,"y":21.855195999145509,"z":7.589420318603516},"rotation":{"x":0.20054318010807038,"y":-0.24790595471858979,"z":0.05251045525074005,"w":0.9463834762573242},"size":10.0,"orthographic":false}