{"cameraMode":{"drawMode":0,"name":"Shaded","section":"Shading Mode"},"sceneLighting":false,"audioPlay":false,"sceneViewState":{"showFog":true,"showMaterialUpdate":false,"showSkybox":false,"showFlares":true,"showImageEffects":true,"showParticleSystems":true},"in2DMode":false,"pivot":{"x":1.0745291709899903,"y":2.788499355316162,"z":0.008712141774594784},"rotation":{"x":-0.18513637781143189,"y":-0.04058372229337692,"z":0.0072340634651482109,"w":-0.9820750951766968},"size":1.9481825828552247,"orthographic":false}