{"cameraMode":{"drawMode":0,"name":"Shaded","section":"Shading Mode"},"sceneLighting":true,"audioPlay":false,"sceneViewState":{"showFog":true,"showMaterialUpdate":false,"showSkybox":true,"showFlares":true,"showImageEffects":true,"showParticleSystems":true},"in2DMode":false,"pivot":{"x":-84.44234466552735,"y":-98.58800506591797,"z":9.508726119995118},"rotation":{"x":-0.32781198620796206,"y":0.5861379504203796,"z":-0.28011611104011538,"w":-0.685949444770813},"size":79.5577392578125,"orthographic":false}