{"cameraMode":{"drawMode":0,"name":"Shaded","section":"Shading Mode"},"sceneLighting":true,"audioPlay":false,"sceneViewState":{"showFog":true,"showMaterialUpdate":false,"showSkybox":true,"showFlares":true,"showImageEffects":true,"showParticleSystems":true},"in2DMode":false,"pivot":{"x":-4.434812068939209,"y":31.673898696899415,"z":7.934746742248535},"rotation":{"x":0.44005128741264346,"y":-0.1988246887922287,"z":0.10057074576616287,"w":0.8699361681938171},"size":34.87604904174805,"orthographic":false}